{
  "getTicketdata": {
    "schema": {
      "method": "GET",
      "host": "prernamahadik.freshservice.com",
      "path": "/api/v2/tickets/<%= context.id %>",
      "headers": {
        "Authorization": "Basic c25tbFJ0QkxVTDl2YXpMU2pQVWY=",
        "Content-Type": "application/json"
      }
    }
  },
  "editTicketdata": {
    "schema": {
      "method": "PUT",
      "host": "prernamahadik.freshservice.com",
      "path": "/api/v2/tickets/<%= context.id %>",
      "headers": {
        "Authorization": "Basic c25tbFJ0QkxVTDl2YXpMU2pQVWY=",
        "Content-Type": "application/json"
      }
    }
  },
  "getTime": {
    "schema": {
      "method": "GET",
      "host": "prernamahadik.freshservice.com",
      "path": "/api/v2/tickets/<%= context.id %>/time_entries",
      "headers": {
        "Authorization": "Basic c25tbFJ0QkxVTDl2YXpMU2pQVWY=",
        "Content-Type": "application/json"
      }
    }
  },
  "getCustomObject": {
    "schema": {
      "method": "GET",
      "host": "prernamahadik.freshservice.com",
      "path": "/api/v2/objects/<%= context.id %>/records",
      "headers": {
        "Authorization": "Basic c25tbFJ0QkxVTDl2YXpMU2pQVWY=",
        "Content-Type": "application/json"
      }
    }
  },
  "putCustomObject": {
    "schema": {
      "method": "PUT",
      "host": "prernamahadik.freshservice.com",
      "path": "/api/v2/objects/<%= context.objects_id %>/records/<%= context.records_id %>",
      "headers": {
        "Authorization": "Basic c25tbFJ0QkxVTDl2YXpMU2pQVWY=",
        "Content-Type": "application/json"
      }
    }
  }
}
